Condition,Expected rate (Hz),Expected rate (/min),Measured RR peak (Hz),Peak deviation (Hz),Peak within tolerance,EDR Welch peak (Hz),EDR rate (/min),Mean HR (bpm),SDNN (ms),RMSSD (ms),Total Power (ms²),LF (ms²),HF (ms²),LF_nu (%),HF_nu (%),LF/HF,RR p95-p5 (ms),NK2 P2T Mean (ms),NK2 P2T SD (ms),Porges-Bohrer
E4A_12pm,0.2,12.0,0.203125,0.003124999999999989,True,0.2,12.099833592264705,59.39980504515553,48.68421465365421,47.74217019381099,1754.315532172204,279.1474755225704,1241.555152686471,18.356480112836216,81.64351988716379,0.22483695139805304,156.5,90.0952380952381,39.40274196464216,-5.237375122343735
E4A_9pm,0.15,9.0,0.1484375,0.0015624999999999944,True,0.15,9.00404208157418,57.0150669670892,77.97812370985055,64.8574239150246,2380.6243946593368,953.3938008158862,1129.0235971285779,45.78303090230484,54.21696909769516,0.84444098709773,239.5,156.58064516129033,35.28623357018842,-5.313646818229575
E4A_6pm,0.1,6.0,0.1015625,0.0015624999999999944,True,0.1,6.637678871987868,60.148811520377805,91.27616482827868,60.4253738627376,6086.692990012851,5470.44271450526,473.9461825281457,92.02699906184347,7.973000938156525,11.54232888916748,292.80000000000007,193.0,78.28336805660392,-5.838876979378287
E4A_5pm,0.08333333333333333,5.0,0.0859375,0.0026041666666666713,True,0.16666666666666666,9.151101795243937,59.88565512736016,95.93043345471422,53.93102590861364,8240.46687914613,7634.219573740677,437.48001091988783,94.58007565406332,5.41992434593668,17.45044203891334,296.79999999999995,138.0,122.65661482892116,-5.93706061963178
E4A_3pm,0.05,3.0,0.046875,0.0031250000000000028,True,0.15,8.374835169542084,58.13553830161477,131.37822603054363,55.26239295824691,10493.096098484459,8979.586936587897,514.0323984664298,94.58549600184188,5.414503998158129,17.468912394194806,405.5,114.27777777777777,110.74929502803325,-5.75985335193754
