Condition,Pre-hold HR trial1 (bpm),Pre-hold HR trial2 (bpm),Pre-hold HR CV %,Pre-hold RMSSD trial1 (ms),Pre-hold RMSSD trial2 (ms),Hold mean HR trial1 (bpm),Hold mean HR trial2 (bpm),"Hold min HR (bpm, min of both)",ΔHR hold-pre trial1 (bpm),ΔHR hold-pre trial2 (bpm),HR slope hold trial1 (bpm/s),HR slope hold trial2 (bpm/s),Recovery mean HR trial1 (bpm),Recovery mean HR trial2 (bpm)
Inspiratory,62.90533178387868,59.20877460601024,4.2810134304532905,42.10659707505914,64.21607044738649,66.9360239918321,73.50862284695654,52.083333333333336,4.030692207953422,14.299848240946304,-0.18776600364596033,0.1764341340193482,79.15239770339305,64.78477988803277
Expiratory,58.745657845505725,58.90810354586965,0.19526185128892903,52.54416132063475,51.112077285553994,57.82693422446777,60.772845341426546,50.93378607809847,-0.9187236210379552,1.8647417955568955,-0.09815584989601599,-0.11256261598307392,59.24438621532727,57.3822130744594
