Condition,HF E1B (ms²),HF hold pooled (ms²),HF hold SD (ms²),HF hold ratio (E1B/hold),HF recovery pooled (ms²),HF recovery SD (ms²),HF recovery ratio (rec/E1B)
Inspiratory,1123.9883210693258,93.96367267395739,14.462929830824255,11.961945388931632,1551.2525736689931,582.8035753284827,1.3801322883792797
Expiratory,1123.9883210693258,391.288058373773,239.11982663561722,2.8725341778655817,1951.577410575039,821.0744061376108,1.7362968760372635
